step,Cor_feature_ij_00_emb
49,0.18913346529006958
99,0.20092974603176117
149,0.1969408541917801
199,0.2008611112833023
249,0.20272712409496307
299,0.20611324906349182
349,0.2044462412595749
399,0.20591914653778076
449,0.2042938470840454
499,0.2051619440317154
549,0.20568569004535675
599,0.2068212777376175
649,0.2086341679096222
699,0.2038259357213974
749,0.20496982336044312
799,0.20186930894851685
849,0.2015751302242279
899,0.20329639315605164
949,0.20396952331066132
999,0.20266368985176086
1049,0.20211593806743622
1099,0.20170362293720245
1149,0.20306634902954102
1199,0.20144504308700562
1249,0.20064996182918549
1299,0.2017960250377655
1349,0.20308150351047516
1399,0.20178763568401337
1449,0.20000605285167694
1499,0.19939102232456207
1549,0.19933535158634186
1599,0.19854015111923218
1649,0.19931408762931824
1699,0.19786059856414795
1749,0.19887982308864594
1799,0.19759352505207062
1849,0.2012086808681488
1899,0.19793084263801575
1949,0.1981697827577591
1999,0.19847337901592255
2049,0.19580288231372833
2099,0.19900770485401154
2149,0.19853006303310394
2199,0.1978096067905426
2249,0.19691984355449677
2299,0.19883199036121368
2349,0.1962149739265442
2399,0.19853432476520538
2449,0.1975545585155487
2499,0.1955043524503708
2549,0.19832871854305267
2599,0.19432207942008972
2649,0.19517943263053894
2699,0.19662119448184967
2749,0.1945210099220276
2799,0.1956145316362381
2849,0.1938324123620987
2899,0.1964617222547531
2949,0.19501204788684845
2999,0.19367064535617828
3049,0.1912914663553238
3099,0.1934470385313034
3149,0.1939796358346939
3199,0.191709503531456
3249,0.1949814409017563
3299,0.19479972124099731
3349,0.19393739104270935
3399,0.1920304298400879
3449,0.19148015975952148
3499,0.19097578525543213
3549,0.1936451494693756
3599,0.19404751062393188
3649,0.1926031857728958
3699,0.19384534657001495
3749,0.19303742051124573
3799,0.19166678190231323
3849,0.19117511808872223
3899,0.19332844018936157
3949,0.19481338560581207
3999,0.19256475567817688
4049,0.19362828135490417
4099,0.194320946931839
4149,0.19213971495628357
4199,0.1929260492324829
4249,0.19275334477424622
4299,0.19375382363796234
4349,0.18994596600532532
4399,0.19104377925395966
4449,0.19095441699028015
4499,0.19336216151714325
4549,0.19056959450244904
4599,0.19322270154953003
4649,0.19369839131832123
4699,0.19074437022209167
4749,0.19180911779403687
4799,0.18995803594589233
4849,0.1936458796262741
4899,0.19586941599845886
4949,0.19418376684188843
4999,0.19233465194702148
5049,0.1947912722826004
5099,0.1913633793592453
5149,0.1924685537815094
5199,0.1928267627954483
5249,0.1931569129228592
5299,0.19321322441101074
5349,0.19026929140090942
5399,0.18997329473495483
5449,0.19527743756771088
5499,0.19119194149971008
5549,0.19163139164447784
5599,0.19354397058486938
5649,0.19113636016845703
5699,0.19032785296440125
5749,0.19094064831733704
5799,0.1924416422843933
5849,0.19250237941741943
5899,0.19490933418273926
5949,0.19200870394706726
5999,0.19009770452976227
6049,0.19255125522613525
6099,0.19219255447387695
6149,0.19296292960643768
6199,0.19278927147388458
6249,0.19293931126594543
6299,0.1921052634716034
6349,0.19098971784114838
6399,0.19133026897907257
6449,0.19037550687789917
6499,0.19267895817756653
6549,0.1912924200296402
6599,0.1924995332956314
6649,0.1913684904575348
6699,0.19282259047031403
6749,0.18936973810195923
6799,0.19087857007980347
6849,0.1926966905593872
6899,0.19299212098121643
6949,0.19156841933727264
6999,0.189358189702034
7049,0.19148901104927063
7099,0.19167844951152802
7149,0.19107139110565186
7199,0.1887129247188568
7249,0.1913694441318512
7299,0.18805603682994843
7349,0.19087038934230804
7399,0.19227372109889984
7449,0.1920556128025055
7499,0.18875980377197266
7549,0.18807180225849152
7599,0.19120480120182037
7649,0.18833515048027039
7699,0.19162361323833466
7749,0.1892169713973999
7799,0.18996112048625946
7849,0.19030342996120453
7899,0.18885338306427002
7949,0.1908528208732605
7999,0.1891474723815918
8049,0.19097305834293365
8099,0.1917766034603119
8149,0.19153699278831482
8199,0.18971623480319977
8249,0.19015109539031982
8299,0.18888480961322784
8349,0.1929355412721634
8399,0.18899157643318176
8449,0.18987977504730225
8499,0.18980881571769714
8549,0.19111104309558868
8599,0.1894526332616806
8649,0.187813401222229
8699,0.18998949229717255
8749,0.1893080472946167
8799,0.18993814289569855
8849,0.19084523618221283
8899,0.19283105432987213
8949,0.1886523962020874
8999,0.18858525156974792
9049,0.18921323120594025
9099,0.19079506397247314
9149,0.19086791574954987
9199,0.18954907357692719
9249,0.18928715586662292
9299,0.19065725803375244
9349,0.189509317278862
9399,0.18951500952243805
9449,0.19056791067123413
9499,0.189067080616951
9549,0.19037723541259766
9599,0.19252943992614746
9649,0.19015562534332275
9699,0.19134604930877686
9749,0.1888585090637207
